ts_utc,venue,kind,symbol,mark,index,last,bid,ask,funding,funding_unit,oi,src_ts
2026-09-12T19:51:55Z,binance,perp,XAUTUSDT,4348.61000000,4350.89956649,,4348.60,4348.61,0.00002154,per_8h,,1789242715000
2026-09-12T19:51:55Z,bybit,perp,XAUTUSDT,4349.80,4351.35,4349.80,4349.70,4349.80,0.00005,per_8h,112832019.88,1789243200000
2026-09-12T19:51:56Z,bitget,perp,XAUTUSDT,,,4348.8,4348.79,4348.8,,,,1789242716165
2026-09-12T19:51:56Z,bingx,perp,XAUT-USDT,,,4349.51,,,,,,1789242715000
2026-09-12T19:51:56Z,lighter,perp,XAU,4356.35,4356.82,4356.3,,,,,4217.3016,
2026-09-12T19:51:56Z,lighter,funding,XAU,,,,,,3.2e-05,per_8h,,
2026-09-12T19:51:57Z,hyperliquid,perp,PAXG,4355.95,,,4355.9,4356.0,,,,1789242716602
2026-09-12T19:51:57Z,variational,perp,XAU,4357.628906699198,,,4356.87,4358.21,0,annualized_decimal,24403647.956899126463190720000,2026-09-12T19:50:27.875229687Z
2026-09-12T19:51:57Z,variational,perp,XAUT,4349.554270057847,,,4348.32,4350.78,0.109500,annualized_decimal,20505123.178080182860728720000,2026-09-12T19:50:31.603831216Z
2026-09-12T19:52:10Z,binance,perp,XAUTUSDT,4348.61000000,4350.89976248,,4348.60,4348.61,0.00002102,per_8h,,1789242729000
2026-09-12T19:52:10Z,bybit,perp,XAUTUSDT,4349.80,4351.35,4349.80,4349.70,4349.80,0.00005,per_8h,112831028.13,1789243200000
2026-09-12T19:52:11Z,bitget,perp,XAUTUSDT,,,4348.8,4348.84,4348.85,,,,1789242730888
2026-09-12T19:52:11Z,bingx,perp,XAUT-USDT,,,4349.53,,,,,,1789242729000
2026-09-12T19:52:11Z,lighter,perp,XAU,4356.33,4356.81,4356.3,,,,,4217.3016,
2026-09-12T19:52:11Z,lighter,funding,XAU,,,,,,3.2e-05,per_8h,,
2026-09-12T19:52:11Z,hyperliquid,perp,PAXG,4355.95,,,4355.9,4356.0,,,,1789242731031
2026-09-12T19:52:11Z,variational,perp,XAU,4357.628906699198,,,4356.87,4358.21,0,annualized_decimal,24403647.956899126463190720000,2026-09-12T19:51:23.132771644Z
2026-09-12T19:52:11Z,variational,perp,XAUT,4349.554270057847,,,4348.32,4350.78,0.109500,annualized_decimal,20505123.178080182860728720000,2026-09-12T19:51:40.082709215Z
2026-09-12T19:53:10Z,binance,perp,XAUTUSDT,4348.61000000,4350.89684434,,4348.60,4348.61,0.00002051,per_8h,,1789242789001
2026-09-12T19:53:10Z,bybit,perp,XAUTUSDT,4349.80,4351.35,4349.80,4349.70,4349.80,0.00005,per_8h,112831202.12,1789243200000
2026-09-12T19:53:10Z,bitget,perp,XAUTUSDT,,,4348.8,4348.79,4348.8,,,,1789242790464
2026-09-12T19:53:10Z,bingx,perp,XAUT-USDT,,,4349.53,,,,,,1789242788000
2026-09-12T19:53:11Z,lighter,perp,XAU,4356.29,4356.79,4356.27,,,,,4217.3527,
2026-09-12T19:56:20Z,binance,perp,XAUTUSDT,4348.60000000,4350.87335368,,4348.60,4348.61,0.00001951,per_8h,,1789242979000
2026-09-12T19:56:20Z,bybit,perp,XAUTUSDT,4349.80,4351.35,4349.80,4349.70,4349.80,0.00005,per_8h,112831628.40,1789243200000
2026-09-12T19:56:20Z,bitget,perp,XAUTUSDT,,,4348.8,4348.38,4348.39,,,,1789242980419
2026-09-12T19:56:20Z,bingx,perp,XAUT-USDT,,,4349.53,,,,,,1789242977000
2026-09-12T19:56:21Z,lighter,perp,XAU,4355.90,4356.70,4355.62,,,,,4217.0085,
2026-09-12T19:56:21Z,lighter,funding,XAU,,,,,,3.2e-05,per_8h,,
2026-09-12T19:56:21Z,hyperliquid,perp,PAXG,4355.95,,,4355.9,4356.0,,,,1789242981366
2026-09-12T19:56:21Z,variational,perp,XAU,4357.538910749016,,,4356.04,4357.38,0,annualized_decimal,24401779.394743526684702480000,2026-09-12T19:55:42.162713932Z
2026-09-12T19:56:21Z,variational,perp,XAUT,4349.554270057847,,,4348.32,4350.78,0.109500,annualized_decimal,20505028.931334088782754320000,2026-09-12T19:55:43.735953403Z
2026-09-12T19:57:20Z,binance,perp,XAUTUSDT,4348.61000000,4350.87522336,,4348.60,4348.61,0.00001951,per_8h,,1789243039000
2026-09-12T19:57:20Z,bybit,perp,XAUTUSDT,4349.80,4351.35,4349.80,4349.70,4349.80,0.00005,per_8h,112831802.39,1789243200000
2026-09-12T19:57:20Z,bitget,perp,XAUTUSDT,,,4348.8,4348.38,4348.39,,,,1789243040464
2026-09-12T19:57:20Z,bingx,perp,XAUT-USDT,,,4349.51,,,,,,1789243038000
2026-09-12T19:57:21Z,lighter,perp,XAU,4355.75,4356.66,4355.51,,,,,4217.0085,
2026-09-12T19:58:20Z,binance,perp,XAUTUSDT,4348.61000000,4350.85778330,,4348.60,4348.61,0.00001904,per_8h,,1789243100000
2026-09-12T19:58:20Z,bybit,perp,XAUTUSDT,4349.80,4351.35,4349.80,4349.70,4349.80,0.00005,per_8h,112831976.38,1789243200000
2026-09-12T19:58:21Z,bitget,perp,XAUTUSDT,,,4348.8,4348.38,4348.39,,,,1789243100942
2026-09-12T19:58:21Z,bingx,perp,XAUT-USDT,,,4349.53,,,,,,1789243100000
2026-09-12T19:58:21Z,lighter,perp,XAU,4355.66,4356.63,4355.34,,,,,4217.0054,
2026-09-12T19:59:20Z,binance,perp,XAUTUSDT,4348.60286964,4350.86182615,,4348.60,4348.61,0.00001859,per_8h,,1789243159005
2026-09-12T19:59:20Z,bybit,perp,XAUTUSDT,4349.80,4351.42,4349.80,4349.70,4349.80,0.00005,per_8h,112832150.38,1789243200000
2026-09-12T19:59:20Z,bitget,perp,XAUTUSDT,,,4348.39,4348.38,4348.39,,,,1789243160537
2026-09-12T19:59:20Z,bingx,perp,XAUT-USDT,,,4349.51,,,,,,1789243157000
2026-09-12T19:59:21Z,lighter,perp,XAU,4355.51,4356.58,4355.11,,,,,4216.6152,
2026-09-12T20:00:20Z,binance,perp,XAUTUSDT,4348.62075950,4350.88587434,,4348.60,4348.61,0.00001815,per_8h,,1789243219000
2026-09-12T20:00:20Z,bybit,perp,XAUTUSDT,4349.80,4351.43,4349.80,4349.70,4349.80,0.00005,per_8h,112811332.23,1789257600000
2026-09-12T20:00:20Z,bitget,perp,XAUTUSDT,,,4348.39,4348.5,4348.51,,,,1789243220629
2026-09-12T20:00:20Z,bingx,perp,XAUT-USDT,,,4349.51,,,,,,1789243219000
2026-09-12T20:00:21Z,lighter,perp,XAU,4355.48,4356.55,4355.27,,,,,4217.1112,
2026-09-12T20:01:20Z,binance,perp,XAUTUSDT,4348.61015314,4350.88186407,,4348.60,4348.61,0.00001815,per_8h,,1789243279000
2026-09-12T20:01:20Z,bybit,perp,XAUTUSDT,4349.80,4351.41,4349.80,4349.70,4349.80,0.00005,per_8h,112813402.74,1789257600000
2026-09-12T20:01:20Z,bitget,perp,XAUTUSDT,,,4348.29,4348.19,4348.2,,,,1789243280650
2026-09-12T20:01:20Z,bingx,perp,XAUT-USDT,,,4349.53,,,,,,1789243278000
2026-09-12T20:01:21Z,lighter,perp,XAU,4355.15,4356.48,4354.58,,,,,4219.2586,
2026-09-12T20:02:20Z,binance,perp,XAUTUSDT,4348.60230381,4350.84219278,,4348.60,4348.61,0.00001770,per_8h,,1789243339004
2026-09-12T20:02:20Z,bybit,perp,XAUTUSDT,4349.80,4351.41,4349.80,4349.70,4349.80,0.00005,per_8h,112818370.21,1789257600000
2026-09-12T20:02:20Z,bitget,perp,XAUTUSDT,,,4348.29,4348.19,4348.2,,,,1789243340726
2026-09-12T20:02:21Z,bingx,perp,XAUT-USDT,,,4349.53,,,,,,1789243339000
2026-09-12T20:02:21Z,lighter,perp,XAU,4354.88,4356.42,4354.37,,,,,4219.2586,
2026-09-12T20:02:21Z,lighter,funding,XAU,,,,,,3.2e-05,per_8h,,
2026-09-12T20:02:21Z,hyperliquid,perp,PAXG,4354.85,,,4354.8,4354.9,,,,1789243341067
2026-09-12T20:03:20Z,binance,perp,XAUTUSDT,4347.88754431,4350.23678056,,4347.58,4347.59,0.00001728,per_8h,,1789243399000
2026-09-12T20:03:20Z,bybit,perp,XAUTUSDT,4348.57,4350.19,4348.30,4348.30,4348.40,0.00005,per_8h,112929336.30,1789257600000
2026-09-12T20:03:20Z,bitget,perp,XAUTUSDT,,,4348.07,4347.58,4347.59,,,,1789243400779
2026-09-12T20:03:21Z,bingx,perp,XAUT-USDT,,,4348.12,,,,,,1789243398000
2026-09-12T20:03:21Z,lighter,perp,XAU,4354.68,4356.35,4354.31,,,,,4220.5936,
2026-09-12T20:04:29Z,binance,perp,XAUTUSDT,4347.46076162,4349.89328021,,4347.46,4347.47,0.00001728,per_8h,,1789243465006
2026-09-12T20:04:39Z,bybit,perp,XAUTUSDT,4348.40,4349.69,4348.40,4348.30,4348.40,0.00005,per_8h,112933053.02,1789257600000
2026-09-12T20:04:44Z,bitget,perp,XAUTUSDT,,,4347.58,4347.15,4347.16,,,,1789243484472
2026-09-12T20:04:50Z,bingx,perp,XAUT-USDT,,,4348.14,,,,,,1789243487000
2026-09-12T20:04:51Z,lighter,perp,XAU,4354.43,4356.24,4354.13,,,,,4221.0969,
2026-09-13T08:16:40Z,binance,perp,XAUTUSDT,4346.83676745,4348.99735625,,4346.82,4346.83,0.00003183,per_8h,,1789287399006
2026-09-13T08:16:40Z,bybit,perp,XAUTUSDT,4346.61,4349.36,4346.60,4346.50,4346.60,-0.00002949,per_8h,114439877.86,1789300800000
2026-09-13T08:16:40Z,bitget,perp,XAUTUSDT,,,4346.83,4346.87,4346.88,,,,1789287400722
2026-09-13T08:16:41Z,bingx,perp,XAUT-USDT,,,4347.66,,,,,,1789287398000
2026-09-13T08:16:41Z,lighter,perp,XAU,4353.27,4353.38,4353.2,,,,,4427.3478,
2026-09-13T08:16:41Z,lighter,perp,PAXG,4353.28,4356.13,4352.6,,,,,365.107,
2026-09-13T08:16:41Z,lighter,funding,XAU,,,,,,3.2e-05,per_8h,,
2026-09-13T08:16:41Z,hyperliquid,perp,PAXG,4353.85,,,4353.8,4353.9,,,,1789287401440
2026-09-13T08:16:41Z,variational,perp,XAUT,4345.963294955182,,,4345.01,4347.46,-0.049393,annualized_decimal,20513212.920688704131911200000,2026-09-13T08:15:21.429991143Z
2026-09-13T08:16:41Z,variational,perp,XAU,4356.036935013774,,,4354.88,4356.23,0,annualized_decimal,24964752.211662337194582640000,2026-09-13T08:15:33.405383851Z
2026-09-13T08:19:22Z,binance,perp,XAUTUSDT,4346.82816977,4348.98247169,,4346.82,4346.83,0.00003094,per_8h,,1789287561003
2026-09-13T08:19:22Z,bybit,perp,XAUTUSDT,4346.57,4349.35,4346.50,4346.50,4346.60,-0.00005782,per_8h,114438850.80,1789300800000
2026-09-13T08:19:22Z,bitget,perp,XAUTUSDT,,,4346.87,4346.84,4346.85,,,,1789287562541
2026-09-13T08:19:22Z,bingx,perp,XAUT-USDT,,,4347.66,,,,,,1789287562000
2026-09-13T08:19:23Z,lighter,perp,XAU,4353.29,4353.37,4353.22,,,,,4427.3512,
2026-09-13T08:19:23Z,lighter,perp,PAXG,4353.14,4355.95,4352.6,,,,,365.107,
2026-09-13T08:19:23Z,lighter,funding,XAU,,,,,,3.2e-05,per_8h,,
2026-09-13T08:19:23Z,hyperliquid,perp,PAXG,4353.85,,,4353.8,4353.9,,,,1789287563294
2026-09-13T08:19:23Z,variational,perp,XAUT,4345.963294955182,,,4344.68,4347.14,-0.049393,annualized_decimal,20513212.920688704131911200000,2026-09-13T08:18:25.857546890Z
2026-09-13T08:19:23Z,variational,perp,XAU,4356.036935013774,,,4355.13,4356.48,0,annualized_decimal,24964752.211662337194582640000,2026-09-13T08:18:50.561120015Z
2026-09-13T08:21:32Z,binance,perp,XAUTUSDT,4346.83596262,4348.88646785,,4346.82,4346.83,0.00003018,per_8h,,1789287691000
2026-09-13T08:21:32Z,bybit,perp,XAUTUSDT,4346.51,4349.27,4346.50,4346.50,4346.60,-0.00007083,per_8h,114438774.98,1789300800000
2026-09-13T08:21:32Z,bitget,perp,XAUTUSDT,,,4346.87,4346.5,4346.51,,,,1789287692758
2026-09-13T08:21:33Z,bingx,perp,XAUT-USDT,,,4347.65,,,,,,1789287690000
2026-09-13T08:21:33Z,lighter,perp,XAU,4353.24,4353.36,4353,,,,,4427,
2026-09-13T08:21:33Z,lighter,perp,PAXG,4353.14,4355.94,4352.6,,,,,365.107,
2026-09-13T08:21:33Z,lighter,funding,XAU,,,,,,3.2e-05,per_8h,,
2026-09-13T08:21:33Z,hyperliquid,perp,PAXG,4353.85,,,4353.8,4353.9,,,,1789287692982
2026-09-13T08:21:33Z,variational,perp,XAUT,4345.876389159681,,,4344.97,4347.43,-0.058082,annualized_decimal,20516851.933845919437368000000,2026-09-13T08:20:12.397989752Z
2026-09-13T08:21:33Z,variational,perp,XAU,4355.849843274293,,,4355.22,4356.57,0,annualized_decimal,24840341.072137934728194680000,2026-09-13T08:20:37.240307963Z
2026-09-13T08:22:32Z,binance,perp,XAUTUSDT,4346.82063182,4348.81867757,,4346.82,4346.83,0.00003018,per_8h,,1789287751000
2026-09-13T08:22:32Z,bybit,perp,XAUTUSDT,4346.60,4349.27,4346.60,4346.50,4346.60,-0.00007597,per_8h,114440292.65,1789300800000
2026-09-13T08:22:32Z,bitget,perp,XAUTUSDT,,,4346.87,4346.54,4346.55,,,,1789287752773
2026-09-13T08:22:33Z,bingx,perp,XAUT-USDT,,,4347.65,,,,,,1789287751000
2026-09-13T08:22:33Z,lighter,perp,XAU,4353.27,4353.36,4353,,,,,4427,
2026-09-13T08:22:33Z,lighter,perp,PAXG,4353.30,4355.88,4352.6,,,,,365.107,
2026-09-13T08:23:32Z,binance,perp,XAUTUSDT,4346.82000000,4348.81447682,,4346.82,4346.83,0.00002994,per_8h,,1789287812002
2026-09-13T08:23:32Z,bybit,perp,XAUTUSDT,4346.60,4349.27,4346.60,4346.50,4346.60,-0.00008047,per_8h,114431295.19,1789300800000
2026-09-13T08:23:33Z,bitget,perp,XAUTUSDT,,,4346.87,4346.63,4346.64,,,,1789287812903
2026-09-13T08:23:33Z,bingx,perp,XAUT-USDT,,,4347.65,,,,,,1789287810000
2026-09-13T08:23:33Z,lighter,perp,XAU,4353.26,4353.35,4353.47,,,,,4427,
2026-09-13T08:23:33Z,lighter,perp,PAXG,4353.30,4355.86,4352.6,,,,,365.107,
2026-09-13T08:24:32Z,binance,perp,XAUTUSDT,4346.81000000,4348.82030647,,4346.81,4346.82,0.00002974,per_8h,,1789287872002
2026-09-13T08:24:32Z,bybit,perp,XAUTUSDT,4346.60,4349.33,4346.60,4346.50,4346.60,-0.00008443,per_8h,114431895.02,1789300800000
2026-09-13T08:24:32Z,bitget,perp,XAUTUSDT,,,4346.87,4346.54,4346.55,,,,1789287872851
2026-09-13T08:24:33Z,bingx,perp,XAUT-USDT,,,4347.66,,,,,,1789287872000
2026-09-13T08:24:33Z,lighter,perp,XAU,4353.26,4353.35,4353.47,,,,,4427,
2026-09-13T08:24:33Z,lighter,perp,PAXG,4353.30,4355.83,4352.6,,,,,365.107,
2026-09-13T08:25:32Z,binance,perp,XAUTUSDT,4346.82000000,4348.80094695,,4346.81,4346.82,0.00002974,per_8h,,1789287932000
2026-09-13T08:25:32Z,bybit,perp,XAUTUSDT,4346.51,4349.26,4346.50,4346.50,4346.60,-0.00008776,per_8h,114426117.94,1789300800000
2026-09-13T08:25:32Z,bitget,perp,XAUTUSDT,,,4346.87,4346.71,4346.72,,,,1789287932837
2026-09-13T08:25:33Z,bingx,perp,XAUT-USDT,,,4347.66,,,,,,1789287932000
2026-09-13T08:25:33Z,lighter,perp,XAU,4353.27,4353.35,4353.47,,,,,4427,
2026-09-13T08:25:33Z,lighter,perp,PAXG,4353.30,4355.83,4352.6,,,,,365.107,
2026-09-13T08:26:32Z,binance,perp,XAUTUSDT,4346.81000000,4348.78441565,,4346.81,4346.82,0.00002953,per_8h,,1789287992000
2026-09-13T08:26:32Z,bybit,perp,XAUTUSDT,4346.50,4349.25,4346.50,4346.50,4346.60,-0.00008953,per_8h,114426332.80,1789300800000
2026-09-13T08:26:33Z,bitget,perp,XAUTUSDT,,,4346.87,4346.71,4346.72,,,,1789287992897
2026-09-13T08:26:33Z,bingx,perp,XAUT-USDT,,,4347.66,,,,,,1789287992000
2026-09-13T08:26:33Z,lighter,perp,XAU,4353.35,4353.35,4353.47,,,,,4427,
2026-09-13T08:26:33Z,lighter,perp,PAXG,4353.30,4355.82,4352.6,,,,,365.107,
2026-09-13T08:26:33Z,lighter,funding,XAU,,,,,,3.2e-05,per_8h,,
2026-09-13T08:26:34Z,hyperliquid,perp,PAXG,4354.15,,,4354.1,4354.2,,,,1789287993492
2026-09-13T08:27:32Z,binance,perp,XAUTUSDT,4347.30000000,4348.91263955,,4347.30,4347.31,0.00002935,per_8h,,1789288052000
2026-09-13T08:27:32Z,bybit,perp,XAUTUSDT,4347.10,4349.56,4347.10,4347.10,4347.20,-0.00009209,per_8h,114543598.46,1789300800000
2026-09-13T08:27:33Z,bitget,perp,XAUTUSDT,,,4347.43,4347.39,4347.4,,,,1789288052946
2026-09-13T08:27:33Z,bingx,perp,XAUT-USDT,,,4347.66,,,,,,1789288051000
2026-09-13T08:27:33Z,lighter,perp,XAU,4353.50,4353.36,4353.74,,,,,4427.4708,
2026-09-13T08:27:33Z,lighter,perp,PAXG,4353.84,4356.40,4352.6,,,,,365.107,
2026-09-13T08:28:32Z,binance,perp,XAUTUSDT,4347.59000000,4349.21402348,,4347.58,4347.59,0.00002935,per_8h,,1789288112000
2026-09-13T08:28:32Z,bybit,perp,XAUTUSDT,4347.70,4349.98,4347.70,4347.70,4347.80,-0.00008487,per_8h,114597415.71,1789300800000
2026-09-13T08:28:33Z,bitget,perp,XAUTUSDT,,,4347.43,4347.63,4347.64,,,,1789288113006
2026-09-13T08:28:33Z,bingx,perp,XAUT-USDT,,,4347.66,,,,,,1789288110000
2026-09-13T08:28:33Z,lighter,perp,XAU,4353.75,4353.39,4353.74,,,,,4427.4708,
2026-09-13T08:28:33Z,lighter,perp,PAXG,4353.86,4356.38,4352.6,,,,,365.107,
2026-09-13T08:29:32Z,binance,perp,XAUTUSDT,4347.58830536,4349.32249903,,4347.58,4347.59,0.00002972,per_8h,,1789288172000
2026-09-13T08:29:32Z,bybit,perp,XAUTUSDT,4347.70,4349.98,4347.70,4347.70,4347.80,-0.00007821,per_8h,114598746.11,1789300800000
2026-09-13T08:29:33Z,bitget,perp,XAUTUSDT,,,4347.43,4347.63,4347.64,,,,1789288173034
2026-09-13T08:29:33Z,bingx,perp,XAUT-USDT,,,4347.66,,,,,,1789288171000
2026-09-13T08:29:33Z,lighter,perp,XAU,4353.89,4353.41,4353.97,,,,,4427.4708,
2026-09-13T08:29:33Z,lighter,perp,PAXG,4353.86,4356.27,4352.6,,,,,365.107,
2026-09-13T08:30:32Z,binance,perp,XAUTUSDT,4347.59881784,4349.34088298,,4347.58,4347.59,0.00002996,per_8h,,1789288232000
2026-09-13T08:30:32Z,bybit,perp,XAUTUSDT,4347.80,4350.01,4347.70,4347.70,4347.80,-0.00007324,per_8h,114602025.43,1789300800000
2026-09-13T08:30:33Z,bitget,perp,XAUTUSDT,,,4347.43,4347.54,4347.55,,,,1789288233095
2026-09-13T08:30:33Z,bingx,perp,XAUT-USDT,,,4347.65,,,,,,1789288230000
2026-09-13T08:30:33Z,lighter,perp,XAU,4353.97,4353.43,4353.97,,,,,4427.4708,
2026-09-13T08:30:33Z,lighter,perp,PAXG,4353.74,4356.17,4352.6,,,,,365.107,
2026-09-13T08:31:32Z,binance,perp,XAUTUSDT,4347.58521053,4349.37609565,,4347.58,4347.59,0.00003012,per_8h,,1789288292000
2026-09-13T08:31:32Z,bybit,perp,XAUTUSDT,4347.79,4350.01,4347.70,4347.70,4347.80,-0.00006917,per_8h,114602414.01,1789300800000
2026-09-13T08:31:33Z,bitget,perp,XAUTUSDT,,,4347.54,4347.54,4347.55,,,,1789288293158
2026-09-13T08:31:33Z,bingx,perp,XAUT-USDT,,,4347.66,,,,,,1789288290000
2026-09-13T08:31:33Z,lighter,perp,XAU,4354.01,4353.45,4353.97,,,,,4427.4708,
2026-09-13T08:31:33Z,lighter,perp,PAXG,4353.79,4356.15,4352.6,,,,,365.107,
2026-09-13T08:31:33Z,variational,perp,XAUT,4347.11966764819,,,4346.07,4348.53,-0.075661,annualized_decimal,20520234.121034445452562100000,2026-09-13T08:30:45.542279051Z
2026-09-13T08:31:33Z,variational,perp,XAU,4356.743272225527,,,4355.99,4357.34,0,annualized_decimal,24885466.762677949275902400000,2026-09-13T08:30:46.073904392Z
2026-09-13T08:32:32Z,binance,perp,XAUTUSDT,4347.58713167,4349.37118232,,4347.58,4347.59,0.00003012,per_8h,,1789288352001
2026-09-13T08:32:33Z,bybit,perp,XAUTUSDT,4347.78,4350.01,4347.70,4347.70,4347.80,-0.00006449,per_8h,114602150.42,1789300800000
2026-09-13T08:32:33Z,bitget,perp,XAUTUSDT,,,4347.54,4347.54,4347.55,,,,1789288353217
2026-09-13T08:32:33Z,bingx,perp,XAUT-USDT,,,4347.65,,,,,,1789288351000
2026-09-13T08:32:33Z,lighter,perp,XAU,4354.03,4353.47,4353.97,,,,,4427.4708,
2026-09-13T08:32:34Z,lighter,perp,PAXG,4353.74,4356.23,4352.6,,,,,365.107,
2026-09-13T08:32:34Z,lighter,funding,XAU,,,,,,3.2e-05,per_8h,,
2026-09-13T08:32:34Z,hyperliquid,perp,PAXG,4354.75,,,4354.7,4354.8,,,,1789288354246
2026-09-13T08:33:32Z,binance,perp,XAUTUSDT,4347.59453763,4349.37709626,,4347.58,4347.59,0.00003020,per_8h,,1789288412000
2026-09-13T08:33:33Z,bybit,perp,XAUTUSDT,4347.78,4350.01,4347.70,4347.70,4347.80,-0.00006022,per_8h,114602011.29,1789300800000
2026-09-13T08:33:33Z,bitget,perp,XAUTUSDT,,,4347.14,4347.25,4347.26,,,,1789288413288
2026-09-13T08:33:33Z,bingx,perp,XAUT-USDT,,,4347.65,,,,,,1789288413000
2026-09-13T08:33:33Z,lighter,perp,XAU,4353.81,4353.49,4353.97,,,,,4427.4708,
2026-09-13T08:33:34Z,lighter,perp,PAXG,4353.74,4356.15,4352.6,,,,,365.107,
2026-09-13T08:34:32Z,binance,perp,XAUTUSDT,4347.33000000,4349.34838865,,4347.32,4347.33,0.00003028,per_8h,,1789288472000
2026-09-13T08:34:33Z,bybit,perp,XAUTUSDT,4347.60,4349.73,4347.60,4347.50,4347.60,-0.00005632,per_8h,114596110.26,1789300800000
2026-09-13T08:34:33Z,bitget,perp,XAUTUSDT,,,4347.29,4346.9,4346.91,,,,1789288473324
2026-09-13T08:34:33Z,bingx,perp,XAUT-USDT,,,4347.65,,,,,,1789288470000
2026-09-13T08:34:33Z,lighter,perp,XAU,4353.79,4353.49,4353.97,,,,,4427.4708,
2026-09-13T08:34:34Z,lighter,perp,PAXG,4353.50,4356.07,4352.6,,,,,365.107,
2026-09-13T08:35:33Z,binance,perp,XAUTUSDT,4347.15000000,4349.24630003,,4347.09,4347.10,0.00003028,per_8h,,1789288532001
2026-09-13T08:35:33Z,bybit,perp,XAUTUSDT,4347.34,4349.59,4347.30,4347.20,4347.30,-0.00005262,per_8h,114584996.66,1789300800000
2026-09-13T08:35:33Z,bitget,perp,XAUTUSDT,,,4347.29,4346.9,4346.91,,,,1789288533392
2026-09-13T08:35:33Z,bingx,perp,XAUT-USDT,,,4347.66,,,,,,1789288532000
2026-09-13T08:35:34Z,lighter,perp,XAU,4353.78,4353.50,4353.97,,,,,4427.4708,
2026-09-13T08:35:34Z,lighter,perp,PAXG,4353.37,4355.87,4352.6,,,,,365.107,
2026-09-13T08:36:33Z,binance,perp,XAUTUSDT,4347.10000000,4349.18405573,,4347.09,4347.10,0.00003003,per_8h,,1789288592000
2026-09-13T08:36:33Z,bybit,perp,XAUTUSDT,4347.30,4349.58,4347.30,4347.20,4347.30,-0.00005021,per_8h,114583942.36,1789300800000
2026-09-13T08:36:33Z,bitget,perp,XAUTUSDT,,,4347.29,4346.7,4346.71,,,,1789288593383
2026-09-13T08:36:33Z,bingx,perp,XAUT-USDT,,,4347.66,,,,,,1789288591000
2026-09-13T08:36:33Z,lighter,perp,XAU,4353.72,4353.50,4353.39,,,,,4427.4928,
2026-09-13T08:36:34Z,lighter,perp,PAXG,4353.40,4355.79,4352.6,,,,,365.107,
